{
    "balanceChanges": [
        {
            "account": "0x000000fee13a103a10d593b9ae06b3e05f2e7e1c",
            "assets": [
                {
                    "address": "0x62d0a8458ed7719fdaf978fe5929c6d342b0bfce",
                    "amount": "38,044.785304211492670567",
                    "iconUrl": "",
                    "isERC1155": false,
                    "isERC721": false,
                    "sign": false,
                    "value": "570.6717794999999789"
                }
            ]
        },
        {
            "account": "0x163c5e051049e92915017fe7bb9b8ce6182bcbb1",
            "assets": [
                {
                    "address": "0xa0b86991c6218b36c1d19d4a2e9eb0ce3606eb48",
                    "amount": "577.877572",
                    "iconUrl": "https://assets.blocksec.com/icon/0347a86cc07dbd03fdc5db01a4e5ac7e1217f90e0b6e4bb0f75cbcca09160989.png",
                    "isERC1155": false,
                    "isERC721": false,
                    "sign": true,
                    "value": "578.45544957199993635"
                }
            ]
        },
        {
            "account": "0x180efc1349a69390ade25667487a826164c9c6e4",
            "assets": [
                {
                    "address": "0x62d0a8458ed7719fdaf978fe5929c6d342b0bfce",
                    "amount": "38,044.785304211492670567",
                    "iconUrl": "",
                    "isERC1155": false,
                    "isERC721": false,
                    "sign": true,
                    "value": "570.6717794999999789"
                },
                {
                    "address": "0xc02aaa39b223fe8d0a0e5c4f27ead9083c756cc2",
                    "amount": "0.220255456107927702",
                    "iconUrl": "https://assets.blocksec.com/icon/f1cb2d02c471d545bbc7722daf3277fd852d98e63d118771af7047bd8256c516.png",
                    "isERC1155": false,
                    "isERC721": false,
                    "sign": false,
                    "value": "574.5692854275369476"
                }
            ]
        },
        {
            "account": "0xb4e16d0168e52d35cacd2c6185b44281ec28c9dc",
            "assets": [
                {
                    "address": "0xc02aaa39b223fe8d0a0e5c4f27ead9083c756cc2",
                    "amount": "0.220255456107927702",
                    "iconUrl": "https://assets.blocksec.com/icon/f1cb2d02c471d545bbc7722daf3277fd852d98e63d118771af7047bd8256c516.png",
                    "isERC1155": false,
                    "isERC721": false,
                    "sign": true,
                    "value": "574.5692854275369476"
                },
                {
                    "address": "0xa0b86991c6218b36c1d19d4a2e9eb0ce3606eb48",
                    "amount": "577.877572",
                    "iconUrl": "https://assets.blocksec.com/icon/0347a86cc07dbd03fdc5db01a4e5ac7e1217f90e0b6e4bb0f75cbcca09160989.png",
                    "isERC1155": false,
                    "isERC721": false,
                    "sign": false,
                    "value": "578.45544957199993635"
                }
            ]
        }
    ]
}