{
    "balanceChanges": [
        {
            "account": "0xc5ec7765481f90acbcc61de0bb5c7904f2e63077",
            "assets": [
                {
                    "address": "0xeeeeeeeeeeeeeeeeeeeeeeeeeeeeeeeeeeeeeeee",
                    "amount": "0.00014727746",
                    "iconUrl": "https://assets.blocksec.com/image/1663669189317-3.png",
                    "isERC1155": false,
                    "isERC721": false,
                    "sign": false,
                    "value": "0.3800465399808000027"
                },
                {
                    "address": "0xa0b86991c6218b36c1d19d4a2e9eb0ce3606eb48",
                    "amount": "0.039981",
                    "iconUrl": "https://assets.blocksec.com/icon/0347a86cc07dbd03fdc5db01a4e5ac7e1217f90e0b6e4bb0f75cbcca09160989.png",
                    "isERC1155": false,
                    "isERC721": false,
                    "sign": false,
                    "value": "0.039961009500000002203"
                }
            ]
        },
        {
            "account": "0x27f5cf1f27d9d51b2e4c91a90431599b95750593",
            "assets": [
                {
                    "address": "0xeeeeeeeeeeeeeeeeeeeeeeeeeeeeeeeeeeeeeeee",
                    "amount": "0.0000456947",
                    "iconUrl": "https://assets.blocksec.com/image/1663669189317-3.png",
                    "isERC1155": false,
                    "isERC721": false,
                    "sign": true,
                    "value": "0.117914259456000000826"
                },
                {
                    "address": "0xa0b86991c6218b36c1d19d4a2e9eb0ce3606eb48",
                    "amount": "0.0101",
                    "iconUrl": "https://assets.blocksec.com/icon/0347a86cc07dbd03fdc5db01a4e5ac7e1217f90e0b6e4bb0f75cbcca09160989.png",
                    "isERC1155": false,
                    "isERC721": false,
                    "sign": true,
                    "value": "0.010094950000000000557"
                }
            ]
        },
        {
            "account": "0x492b68dbc66d6365bc382a1649a918ba1d808278",
            "assets": [
                {
                    "address": "0xeeeeeeeeeeeeeeeeeeeeeeeeeeeeeeeeeeeeeeee",
                    "amount": "0.00005079138",
                    "iconUrl": "https://assets.blocksec.com/image/1663669189317-3.png",
                    "isERC1155": false,
                    "isERC721": false,
                    "sign": true,
                    "value": "0.13106614026240000093"
                },
                {
                    "address": "0xa0b86991c6218b36c1d19d4a2e9eb0ce3606eb48",
                    "amount": "0.018534",
                    "iconUrl": "https://assets.blocksec.com/icon/0347a86cc07dbd03fdc5db01a4e5ac7e1217f90e0b6e4bb0f75cbcca09160989.png",
                    "isERC1155": false,
                    "isERC721": false,
                    "sign": true,
                    "value": "0.01852473300000000102"
                }
            ]
        },
        {
            "account": "0x71a5d659fd7d8eab2ddd68a5b40c458580105814",
            "assets": [
                {
                    "address": "0xeeeeeeeeeeeeeeeeeeeeeeeeeeeeeeeeeeeeeeee",
                    "amount": "0.00005079138",
                    "iconUrl": "https://assets.blocksec.com/image/1663669189317-3.png",
                    "isERC1155": false,
                    "isERC721": false,
                    "sign": true,
                    "value": "0.13106614026240000093"
                },
                {
                    "address": "0xa0b86991c6218b36c1d19d4a2e9eb0ce3606eb48",
                    "amount": "0.011347",
                    "iconUrl": "https://assets.blocksec.com/icon/0347a86cc07dbd03fdc5db01a4e5ac7e1217f90e0b6e4bb0f75cbcca09160989.png",
                    "isERC1155": false,
                    "isERC721": false,
                    "sign": true,
                    "value": "0.011341326500000000625"
                }
            ]
        }
    ]
}