{
    "balanceChanges": [
        {
            "account": "0x0bf7e1ddc6037a6d901fac51ee0613edbd045a30",
            "assets": [
                {
                    "address": "0xeeeeeeeeeeeeeeeeeeeeeeeeeeeeeeeeeeeeeeee",
                    "amount": "0.000000000000000449",
                    "iconUrl": "https://assets.blocksec.com/image/1663669189317-3.png",
                    "isERC1155": false,
                    "isERC721": false,
                    "sign": false,
                    "value": "0.0000000000011689400699999999265"
                }
            ]
        },
        {
            "account": "0xe3aeabda9506c8f943507f32a2fefa8bb0169cd3",
            "assets": [
                {
                    "address": "0xeeeeeeeeeeeeeeeeeeeeeeeeeeeeeeeeeeeeeeee",
                    "amount": "0.003922096302131452",
                    "iconUrl": "https://assets.blocksec.com/image/1663669189317-3.png",
                    "isERC1155": false,
                    "isERC721": false,
                    "sign": true,
                    "value": "10.210903175515859358"
                }
            ]
        },
        {
            "account": "0x22052a1a0f5a3d2839d71c458f177e68b0e73963",
            "assets": [
                {
                    "address": "0x81db1949d0e888557bc632f7c0f6698b1f8c9106",
                    "amount": "790,097.099642022",
                    "iconUrl": "",
                    "isERC1155": false,
                    "isERC721": false,
                    "sign": true,
                    "value": "148.2328032"
                },
                {
                    "address": "0xc02aaa39b223fe8d0a0e5c4f27ead9083c756cc2",
                    "amount": "0.073107665244429071",
                    "iconUrl": "https://assets.blocksec.com/icon/f1cb2d02c471d545bbc7722daf3277fd852d98e63d118771af7047bd8256c516.png",
                    "isERC1155": false,
                    "isERC721": false,
                    "sign": false,
                    "value": "191.14330254721538843"
                }
            ]
        },
        {
            "account": "0x356d446751bcccc15bad2c972654f8816136e73f",
            "assets": [
                {
                    "address": "0x17c50d62e6e8d20d2dc18e9ad79c43263d0720d9",
                    "amount": "4,045.127315168105897645",
                    "iconUrl": "",
                    "isERC1155": false,
                    "isERC721": false,
                    "sign": true,
                    "value": "164.1477461"
                },
                {
                    "address": "0x81db1949d0e888557bc632f7c0f6698b1f8c9106",
                    "amount": "790,097.099642022",
                    "iconUrl": "",
                    "isERC1155": false,
                    "isERC721": false,
                    "sign": false,
                    "value": "148.2328032"
                }
            ]
        },
        {
            "account": "0x4838b106fce9647bdf1e7877bf73ce8b0bad5f97",
            "assets": [
                {
                    "address": "0xeeeeeeeeeeeeeeeeeeeeeeeeeeeeeeeeeeeeeeee",
                    "amount": "0.001880725527713258",
                    "iconUrl": "https://assets.blocksec.com/image/1663669189317-3.png",
                    "isERC1155": false,
                    "isERC721": false,
                    "sign": true,
                    "value": "4.896337261361039692"
                }
            ]
        },
        {
            "account": "0x856180c014d712099e7d4649752821c81531ce57",
            "assets": [
                {
                    "address": "0x17c50d62e6e8d20d2dc18e9ad79c43263d0720d9",
                    "amount": "4,045.127315168105897645",
                    "iconUrl": "",
                    "isERC1155": false,
                    "isERC721": false,
                    "sign": false,
                    "value": "164.1477461"
                },
                {
                    "address": "0xc02aaa39b223fe8d0a0e5c4f27ead9083c756cc2",
                    "amount": "0.06730484341458481",
                    "iconUrl": "https://assets.blocksec.com/icon/f1cb2d02c471d545bbc7722daf3277fd852d98e63d118771af7047bd8256c516.png",
                    "isERC1155": false,
                    "isERC721": false,
                    "sign": true,
                    "value": "175.97156200485148814"
                }
            ]
        },
        {
            "account": "0xc02aaa39b223fe8d0a0e5c4f27ead9083c756cc2",
            "assets": [
                {
                    "address": "0xeeeeeeeeeeeeeeeeeeeeeeeeeeeeeeeeeeeeeeee",
                    "amount": "0.005802821829844261",
                    "iconUrl": "https://assets.blocksec.com/image/1663669189317-3.png",
                    "isERC1155": false,
                    "isERC721": false,
                    "sign": false,
                    "value": "15.10724043687689905"
                },
                {
                    "address": "0xc02aaa39b223fe8d0a0e5c4f27ead9083c756cc2",
                    "amount": "0.005802821829844261",
                    "iconUrl": "https://assets.blocksec.com/icon/f1cb2d02c471d545bbc7722daf3277fd852d98e63d118771af7047bd8256c516.png",
                    "isERC1155": false,
                    "isERC721": false,
                    "sign": true,
                    "value": "15.171740542363900304"
                }
            ]
        }
    ]
}