{
    "balanceChanges": [
        {
            "account": "0xeadce77c632b227cacd961b8320bd74fa5daaa8d",
            "assets": [
                {
                    "address": "0xeeeeeeeeeeeeeeeeeeeeeeeeeeeeeeeeeeeeeeee",
                    "amount": "0.000790694185443376",
                    "iconUrl": "https://assets.blocksec.com/image/1663669189317-3.png",
                    "isERC1155": false,
                    "isERC721": false,
                    "sign": false,
                    "value": "2.0762996753255680575"
                },
                {
                    "address": "0xc02aaa39b223fe8d0a0e5c4f27ead9083c756cc2",
                    "amount": "0.00269918065825166",
                    "iconUrl": "https://assets.blocksec.com/icon/f1cb2d02c471d545bbc7722daf3277fd852d98e63d118771af7047bd8256c516.png",
                    "isERC1155": false,
                    "isERC721": false,
                    "sign": true,
                    "value": "7.112826886348439558"
                }
            ]
        },
        {
            "account": "0x39ddf1f9b5a58913d8bb809c1b82f752594b8da1",
            "assets": [
                {
                    "address": "0xb17e388add8a7d057d0da853a2c28f7ec50bdb59",
                    "amount": "81,555,814,672.485292538",
                    "iconUrl": "",
                    "isERC1155": false,
                    "isERC721": false,
                    "sign": false,
                    "value": ""
                },
                {
                    "address": "0xc02aaa39b223fe8d0a0e5c4f27ead9083c756cc2",
                    "amount": "0.090687545100787142",
                    "iconUrl": "https://assets.blocksec.com/icon/f1cb2d02c471d545bbc7722daf3277fd852d98e63d118771af7047bd8256c516.png",
                    "isERC1155": false,
                    "isERC721": false,
                    "sign": true,
                    "value": "238.97800509661798515"
                }
            ]
        },
        {
            "account": "0x4838b106fce9647bdf1e7877bf73ce8b0bad5f97",
            "assets": [
                {
                    "address": "0xeeeeeeeeeeeeeeeeeeeeeeeeeeeeeeeeeeeeeeee",
                    "amount": "0.000790694185443376",
                    "iconUrl": "https://assets.blocksec.com/image/1663669189317-3.png",
                    "isERC1155": false,
                    "isERC721": false,
                    "sign": true,
                    "value": "2.0762996753255680575"
                }
            ]
        },
        {
            "account": "0xc105b0e303e33e8f8780397f4403ab6a93b330dd",
            "assets": [
                {
                    "address": "0xb17e388add8a7d057d0da853a2c28f7ec50bdb59",
                    "amount": "81,555,814,672.485292538",
                    "iconUrl": "",
                    "isERC1155": false,
                    "isERC721": false,
                    "sign": true,
                    "value": ""
                },
                {
                    "address": "0xc02aaa39b223fe8d0a0e5c4f27ead9083c756cc2",
                    "amount": "0.093386725759038802",
                    "iconUrl": "https://assets.blocksec.com/icon/f1cb2d02c471d545bbc7722daf3277fd852d98e63d118771af7047bd8256c516.png",
                    "isERC1155": false,
                    "isERC721": false,
                    "sign": false,
                    "value": "246.0908319882367847"
                }
            ]
        }
    ]
}