{
    "balanceChanges": [
        {
            "account": "0xe81cfa76a9579686de04749c6c0d404e3b4a60b8",
            "assets": [
                {
                    "address": "0x06450dee7fd2fb8e39061434babcfc05599a6fb8",
                    "amount": "2,682,460,360",
                    "iconUrl": "https://assets.blocksec.com/icon/bfebae0534bdef52bef16dcfadd09b51dc489ab1144c9f2d6568357f9adb9ecd.png",
                    "isERC1155": false,
                    "isERC721": false,
                    "sign": true,
                    "value": "221.0347956"
                },
                {
                    "address": "0xeeeeeeeeeeeeeeeeeeeeeeeeeeeeeeeeeeeeeeee",
                    "amount": "0.003",
                    "iconUrl": "https://assets.blocksec.com/image/1663669189317-3.png",
                    "isERC1155": false,
                    "isERC721": false,
                    "sign": false,
                    "value": "7.8786599999999994"
                }
            ]
        },
        {
            "account": "0x2f848984984d6c3c036174ce627703edaf780479",
            "assets": [
                {
                    "address": "0xeeeeeeeeeeeeeeeeeeeeeeeeeeeeeeeeeeeeeeee",
                    "amount": "0.003",
                    "iconUrl": "https://assets.blocksec.com/image/1663669189317-3.png",
                    "isERC1155": false,
                    "isERC721": false,
                    "sign": true,
                    "value": "7.8786599999999994"
                }
            ]
        },
        {
            "account": "0x0000000000000000000000000000000000000000",
            "assets": [
                {
                    "address": "0x06450dee7fd2fb8e39061434babcfc05599a6fb8",
                    "amount": "2,682,460,360",
                    "iconUrl": "https://assets.blocksec.com/icon/bfebae0534bdef52bef16dcfadd09b51dc489ab1144c9f2d6568357f9adb9ecd.png",
                    "isERC1155": false,
                    "isERC721": false,
                    "sign": false,
                    "value": "221.0347956"
                }
            ]
        }
    ]
}