{
    "balanceChanges": [
        {
            "account": "0x2c244920da9dd634f96267f63644def20edcb683",
            "assets": [
                {
                    "address": "0xeeeeeeeeeeeeeeeeeeeeeeeeeeeeeeeeeeeeeeee",
                    "amount": "0.11",
                    "iconUrl": "https://assets.blocksec.com/image/1663669189317-3.png",
                    "isERC1155": false,
                    "isERC721": false,
                    "sign": false,
                    "value": "286.663300000000022"
                },
                {
                    "address": "0x1d77c7d39212088b14671598222db6ef2f6af482",
                    "amount": "178,294,485.036601996",
                    "iconUrl": "",
                    "isERC1155": false,
                    "isERC721": false,
                    "sign": true,
                    "value": ""
                }
            ]
        },
        {
            "account": "0x3328f7f4a1d1c57c35df56bbf0c9dcafca309c49",
            "assets": [
                {
                    "address": "0xeeeeeeeeeeeeeeeeeeeeeeeeeeeeeeeeeeeeeeee",
                    "amount": "0.000497512437810946",
                    "iconUrl": "https://assets.blocksec.com/image/1663669189317-3.png",
                    "isERC1155": false,
                    "isERC721": false,
                    "sign": true,
                    "value": "1.2965323382799340996"
                }
            ]
        },
        {
            "account": "0x4838b106fce9647bdf1e7877bf73ce8b0bad5f97",
            "assets": [
                {
                    "address": "0xeeeeeeeeeeeeeeeeeeeeeeeeeeeeeeeeeeeeeeee",
                    "amount": "0.01",
                    "iconUrl": "https://assets.blocksec.com/image/1663669189317-3.png",
                    "isERC1155": false,
                    "isERC721": false,
                    "sign": true,
                    "value": "26.060300000000002"
                }
            ]
        },
        {
            "account": "0x99da87405226e924ebda19474c41cf221dbb8a12",
            "assets": [
                {
                    "address": "0x1d77c7d39212088b14671598222db6ef2f6af482",
                    "amount": "178,294,485.036601996",
                    "iconUrl": "",
                    "isERC1155": false,
                    "isERC721": false,
                    "sign": false,
                    "value": ""
                },
                {
                    "address": "0xc02aaa39b223fe8d0a0e5c4f27ead9083c756cc2",
                    "amount": "0.099502487562189054",
                    "iconUrl": "https://assets.blocksec.com/icon/f1cb2d02c471d545bbc7722daf3277fd852d98e63d118771af7047bd8256c516.png",
                    "isERC1155": false,
                    "isERC721": false,
                    "sign": true,
                    "value": "259.23337312862522125"
                }
            ]
        },
        {
            "account": "0xc02aaa39b223fe8d0a0e5c4f27ead9083c756cc2",
            "assets": [
                {
                    "address": "0xc02aaa39b223fe8d0a0e5c4f27ead9083c756cc2",
                    "amount": "0.099502487562189054",
                    "iconUrl": "https://assets.blocksec.com/icon/f1cb2d02c471d545bbc7722daf3277fd852d98e63d118771af7047bd8256c516.png",
                    "isERC1155": false,
                    "isERC721": false,
                    "sign": false,
                    "value": "259.23337312862522125"
                },
                {
                    "address": "0xeeeeeeeeeeeeeeeeeeeeeeeeeeeeeeeeeeeeeeee",
                    "amount": "0.099502487562189054",
                    "iconUrl": "https://assets.blocksec.com/image/1663669189317-3.png",
                    "isERC1155": false,
                    "isERC721": false,
                    "sign": true,
                    "value": "259.3064676559868199"
                }
            ]
        }
    ]
}