{
    "balanceChanges": [
        {
            "account": "0xe4000004000bd8006e00720000d27d1fa000d43e",
            "assets": [
                {
                    "address": "0xc02aaa39b223fe8d0a0e5c4f27ead9083c756cc2",
                    "amount": "0.001322137247444606",
                    "iconUrl": "https://assets.blocksec.com/icon/f1cb2d02c471d545bbc7722daf3277fd852d98e63d118771af7047bd8256c516.png",
                    "isERC1155": false,
                    "isERC721": false,
                    "sign": true,
                    "value": "3.4912680067907513651"
                }
            ]
        },
        {
            "account": "0x290a6a7460b308ee3f19023d2d00de604bcf5b42",
            "assets": [
                {
                    "address": "0x7d1afa7b718fb893db30a3abc0cfc608aacfebb0",
                    "amount": "712.908640577149416606",
                    "iconUrl": "https://assets.blocksec.com/icon/5dc5187d80083e1e6ca5ca29581f660fdc3ebdf47eef117c3dfa3a0c07ab7d33.png",
                    "isERC1155": false,
                    "isERC721": false,
                    "sign": false,
                    "value": "373.77800026657999166"
                },
                {
                    "address": "0xc02aaa39b223fe8d0a0e5c4f27ead9083c756cc2",
                    "amount": "0.14",
                    "iconUrl": "https://assets.blocksec.com/icon/f1cb2d02c471d545bbc7722daf3277fd852d98e63d118771af7047bd8256c516.png",
                    "isERC1155": false,
                    "isERC721": false,
                    "sign": true,
                    "value": "369.68742999999998575"
                }
            ]
        },
        {
            "account": "0x8661ae7918c0115af9e3691662f605e9c550ddc9",
            "assets": [
                {
                    "address": "0xc02aaa39b223fe8d0a0e5c4f27ead9083c756cc2",
                    "amount": "0.141322137247444606",
                    "iconUrl": "https://assets.blocksec.com/icon/f1cb2d02c471d545bbc7722daf3277fd852d98e63d118771af7047bd8256c516.png",
                    "isERC1155": false,
                    "isERC721": false,
                    "sign": false,
                    "value": "373.17869788268138562"
                },
                {
                    "address": "0x0f5d2fb29fb7d3cfee444a200298f468908cc942",
                    "amount": "1,306.241938524678146554",
                    "iconUrl": "https://assets.blocksec.com/icon/54d64db7c4b21ad51c32e15fe06a87bf31831382d6c6aa49b4adb5dfaa42993c.png",
                    "isERC1155": false,
                    "isERC721": false,
                    "sign": true,
                    "value": "374.10769132959998423"
                }
            ]
        },
        {
            "account": "0xbe4b63cbb413b5d1f71f06ba2309b3dd95712a61",
            "assets": [
                {
                    "address": "0x1f573d6fb3f13d689ff844b4ce37794d79a7ff1c",
                    "amount": "739.287866175788222927",
                    "iconUrl": "https://assets.blocksec.com/icon/2134050168d6c4780030be02f0a6ca44fe9e3462a2cefed4fac3abde8839c5b0.png",
                    "isERC1155": false,
                    "isERC721": false,
                    "sign": true,
                    "value": "366.5656701"
                },
                {
                    "address": "0x0f5d2fb29fb7d3cfee444a200298f468908cc942",
                    "amount": "1,306.241938524678146554",
                    "iconUrl": "https://assets.blocksec.com/icon/54d64db7c4b21ad51c32e15fe06a87bf31831382d6c6aa49b4adb5dfaa42993c.png",
                    "isERC1155": false,
                    "isERC721": false,
                    "sign": false,
                    "value": "374.10769132959998423"
                }
            ]
        },
        {
            "account": "0xe31643ebd9fd29b668c0553c76308a33decffa6d",
            "assets": [
                {
                    "address": "0x7d1afa7b718fb893db30a3abc0cfc608aacfebb0",
                    "amount": "712.908640577149416606",
                    "iconUrl": "https://assets.blocksec.com/icon/5dc5187d80083e1e6ca5ca29581f660fdc3ebdf47eef117c3dfa3a0c07ab7d33.png",
                    "isERC1155": false,
                    "isERC721": false,
                    "sign": true,
                    "value": "373.77800026657999166"
                },
                {
                    "address": "0x1f573d6fb3f13d689ff844b4ce37794d79a7ff1c",
                    "amount": "739.287866175788222927",
                    "iconUrl": "https://assets.blocksec.com/icon/2134050168d6c4780030be02f0a6ca44fe9e3462a2cefed4fac3abde8839c5b0.png",
                    "isERC1155": false,
                    "isERC721": false,
                    "sign": false,
                    "value": "366.5656701"
                }
            ]
        }
    ]
}