{
    "basicInfo": {
        "baseFee": "1.854653135",
        "blockNumber": 20585000,
        "callData": "0x1b02",
        "debugEnable": true,
        "errorInfo": "",
        "eventCount": 0,
        "feeRecipient": "0x4838b106fce9647bdf1e7877bf73ce8b0bad5f97",
        "formatValue": "0",
        "gasLimit": 3000000,
        "gasPrice": "2.706948659",
        "gasUsed": 21032,
        "intTxnCount": 0,
        "internalRevert": false,
        "internalRevertMessage": "",
        "isContractCreation": false,
        "isFlashloan": false,
        "maxFee": "3.432282693",
        "nonce": 73,
        "overwritedBlockNumber": -1,
        "priorityFee": "0.852295524",
        "receiver": "0x0000000000000000000000000000000000000402",
        "revertMessage": "",
        "sender": "0xfc21e6aa5c001d257d1a6f128249d39a1f580ea5",
        "simulationEnable": true,
        "sourceTxnHash": "0x02bb8946cc94dacbaa13b2b78244f5905a45c8f1a2c82dab8c74abc971ef637c",
        "status": true,
        "timestamp": "2024-08-22T15:20:11Z",
        "transactionFee": "0.000056932544196088",
        "txnHash": "0x02bb8946cc94dacbaa13b2b78244f5905a45c8f1a2c82dab8c74abc971ef637c",
        "txnIndex": 125,
        "type": 2,
        "value": "0"
    },
    "fundFlow": [],
    "tokenInfos": [
        {
            "address": "0xc02aaa39b223fe8d0a0e5c4f27ead9083c756cc2",
            "decimals": 18
        },
        {
            "address": "0xeeeeeeeeeeeeeeeeeeeeeeeeeeeeeeeeeeeeeeee",
            "decimals": 18
        }
    ]
}