{
    "basicInfo": {
        "baseFee": "0.814449927",
        "blockNumber": 20576660,
        "callData": "0xecef9201000000000000000000000000000000000000000000000000000000000000008000000000000000000000000000000000000000000000000000000000000001d3",
        "debugEnable": true,
        "errorInfo": "",
        "eventCount": 130,
        "feeRecipient": "0x95222290dd7278aa3ddd389cc1e1d165cc4bafe5",
        "formatValue": "0",
        "gasLimit": 28500000,
        "gasPrice": "0.864449927",
        "gasUsed": 22003829,
        "intTxnCount": 770,
        "internalRevert": false,
        "internalRevertMessage": "",
        "isContractCreation": false,
        "isFlashloan": false,
        "maxFee": "0.9",
        "nonce": 691,
        "overwritedBlockNumber": -1,
        "priorityFee": "0.05",
        "receiver": "0x0a252663dbcc0b073063d6420a40319e438cfa59",
        "revertMessage": "",
        "sender": "0xaf97c58402790fb1a36f1a4c140fd3b02901ce5b",
        "simulationEnable": true,
        "sourceTxnHash": "0x08895cbdc5c62a75161e0339e238c123914282c5cf40194279448448188d4548",
        "status": true,
        "timestamp": "2024-08-21T11:20:23Z",
        "transactionFee": "0.019021208372770483",
        "txnHash": "0x08895cbdc5c62a75161e0339e238c123914282c5cf40194279448448188d4548",
        "txnIndex": 6,
        "type": 2,
        "value": "0"
    },
    "fundFlow": [
        {
            "amount": "1",
            "from": "0x0000000000000000000000000000000000000000",
            "id": 1,
            "isERC1155": false,
            "isERC721": true,
            "isReverted": false,
            "order": 1,
            "to": "0xaf97c58402790fb1a36f1a4c140fd3b02901ce5b",
            "token": "0x0a252663dbcc0b073063d6420a40319e438cfa59",
            "tokenID": "65197"
        }
    ],
    "tokenInfos": [
        {
            "address": "0xc02aaa39b223fe8d0a0e5c4f27ead9083c756cc2",
            "decimals": 18
        },
        {
            "address": "0xeeeeeeeeeeeeeeeeeeeeeeeeeeeeeeeeeeeeeeee",
            "decimals": 18
        }
    ]
}