{
    "balanceChanges": [
        {
            "account": "0x66ca70f1a348bdc66bb201e09eae4009d1d1e7e8",
            "assets": [
                {
                    "address": "0xc6628f00f29cc89a87bbee7554c4725611200fd7",
                    "amount": "40,343.90233897513457504",
                    "iconUrl": "",
                    "isERC1155": false,
                    "isERC721": false,
                    "sign": false,
                    "value": "8948.438418"
                },
                {
                    "address": "0x0897f99a36ab964cfd12ac66335602ba9c9fd82b",
                    "amount": "40,343.90233897513457504",
                    "iconUrl": "",
                    "isERC1155": false,
                    "isERC721": false,
                    "sign": true,
                    "value": ""
                }
            ]
        },
        {
            "account": "0x0000000000000000000000000000000000000000",
            "assets": [
                {
                    "address": "0xfb5182919bc559f3da6514fbfc5b3c014d754493",
                    "amount": "40,343.90233897513457504",
                    "iconUrl": "",
                    "isERC1155": false,
                    "isERC721": false,
                    "sign": false,
                    "value": ""
                },
                {
                    "address": "0x0897f99a36ab964cfd12ac66335602ba9c9fd82b",
                    "amount": "40,343.90233897513457504",
                    "iconUrl": "",
                    "isERC1155": false,
                    "isERC721": false,
                    "sign": false,
                    "value": ""
                },
                {
                    "address": "0x63dc752e11d4c9d0f2160da20edf2111fecb0a66",
                    "amount": "40,343.90233897513457504",
                    "iconUrl": "",
                    "isERC1155": false,
                    "isERC721": false,
                    "sign": false,
                    "value": ""
                },
                {
                    "address": "0x0e3be609deaf7c900276ec2dc5b2b5ba08c8f17d",
                    "amount": "40,343.90233897513457504",
                    "iconUrl": "",
                    "isERC1155": false,
                    "isERC721": false,
                    "sign": false,
                    "value": ""
                }
            ]
        },
        {
            "account": "0x0897f99a36ab964cfd12ac66335602ba9c9fd82b",
            "assets": [
                {
                    "address": "0xfb5182919bc559f3da6514fbfc5b3c014d754493",
                    "amount": "40,343.90233897513457504",
                    "iconUrl": "",
                    "isERC1155": false,
                    "isERC721": false,
                    "sign": true,
                    "value": ""
                }
            ]
        },
        {
            "account": "0x41f57abd96d7e98ccc2c14df672bb1750152065d",
            "assets": [
                {
                    "address": "0x0e3be609deaf7c900276ec2dc5b2b5ba08c8f17d",
                    "amount": "40,343.90233897513457504",
                    "iconUrl": "",
                    "isERC1155": false,
                    "isERC721": false,
                    "sign": true,
                    "value": ""
                }
            ]
        },
        {
            "account": "0x63dc752e11d4c9d0f2160da20edf2111fecb0a66",
            "assets": [
                {
                    "address": "0xc6628f00f29cc89a87bbee7554c4725611200fd7",
                    "amount": "40,343.90233897513457504",
                    "iconUrl": "",
                    "isERC1155": false,
                    "isERC721": false,
                    "sign": true,
                    "value": "8948.438418"
                }
            ]
        },
        {
            "account": "0x989aeb4d175e16225e39e87d0d97a3360524ad80",
            "assets": [
                {
                    "address": "0x63dc752e11d4c9d0f2160da20edf2111fecb0a66",
                    "amount": "40,343.90233897513457504",
                    "iconUrl": "",
                    "isERC1155": false,
                    "isERC721": false,
                    "sign": true,
                    "value": ""
                }
            ]
        }
    ]
}