{
    "basicInfo": {
        "baseFee": "1.03749708",
        "blockNumber": 20581207,
        "callData": "0xa9059cbb000000000000000000000000baabeb280283f61183e15302101a5bec4d1730790000000000000000000000000000000000000000000002a098fa8ef3e988a62a",
        "debugEnable": true,
        "errorInfo": "execution reverted",
        "eventCount": 0,
        "feeRecipient": "0x388c818ca8b9251b393131c08a736a67ccb19297",
        "formatValue": "0",
        "gasLimit": 28500000,
        "gasPrice": "1.386701139",
        "gasUsed": 24619,
        "intTxnCount": 0,
        "internalRevert": false,
        "internalRevertMessage": "",
        "isContractCreation": false,
        "isFlashloan": false,
        "maxFee": "1.531889872",
        "nonce": 5,
        "overwritedBlockNumber": -1,
        "priorityFee": "0.349204059",
        "receiver": "0x0a638f07acc6969abf392bb009f216d22adea36d",
        "revertMessage": "&ERC20: transfer amount exceeds balance",
        "sender": "0xd1aac515f61184e6b7aa7b68884d248e6353ca9c",
        "simulationEnable": true,
        "sourceTxnHash": "0x016ac16540692502ed0315f6fff006bc9b49e3874967434d48943139a4aa1e65",
        "status": false,
        "timestamp": "2024-08-22T02:36:23Z",
        "transactionFee": "0.000034139195341041",
        "txnHash": "0x016ac16540692502ed0315f6fff006bc9b49e3874967434d48943139a4aa1e65",
        "txnIndex": 18,
        "type": 2,
        "value": "0"
    },
    "fundFlow": [],
    "tokenInfos": [
        {
            "address": "0xc02aaa39b223fe8d0a0e5c4f27ead9083c756cc2",
            "decimals": 18
        },
        {
            "address": "0xeeeeeeeeeeeeeeeeeeeeeeeeeeeeeeeeeeeeeeee",
            "decimals": 18
        }
    ]
}