{
    "balanceChanges": [
        {
            "account": "0xe1139b68efc84c0958cc001a87bb1bfe5309d5dc",
            "assets": [
                {
                    "address": "0xeeeeeeeeeeeeeeeeeeeeeeeeeeeeeeeeeeeeeeee",
                    "amount": "0.05",
                    "iconUrl": "https://assets.blocksec.com/image/1663669189317-3.png",
                    "isERC1155": false,
                    "isERC721": false,
                    "sign": false,
                    "value": "129.02400000000000091"
                },
                {
                    "address": "0x6dbe64508ba3e3bddade4faca9b3bef73635964a",
                    "amount": "1,072,359,399.703341973",
                    "iconUrl": "",
                    "isERC1155": false,
                    "isERC721": false,
                    "sign": true,
                    "value": ""
                }
            ]
        },
        {
            "account": "0xb204c460a7573befec9e651f54a54d9c29a30de9",
            "assets": [
                {
                    "address": "0xc02aaa39b223fe8d0a0e5c4f27ead9083c756cc2",
                    "amount": "0.05",
                    "iconUrl": "https://assets.blocksec.com/icon/f1cb2d02c471d545bbc7722daf3277fd852d98e63d118771af7047bd8256c516.png",
                    "isERC1155": false,
                    "isERC721": false,
                    "sign": true,
                    "value": "129.41445000000001074"
                },
                {
                    "address": "0x6dbe64508ba3e3bddade4faca9b3bef73635964a",
                    "amount": "1,072,359,399.703341973",
                    "iconUrl": "",
                    "isERC1155": false,
                    "isERC721": false,
                    "sign": false,
                    "value": ""
                }
            ]
        },
        {
            "account": "0xc02aaa39b223fe8d0a0e5c4f27ead9083c756cc2",
            "assets": [
                {
                    "address": "0xc02aaa39b223fe8d0a0e5c4f27ead9083c756cc2",
                    "amount": "0.05",
                    "iconUrl": "https://assets.blocksec.com/icon/f1cb2d02c471d545bbc7722daf3277fd852d98e63d118771af7047bd8256c516.png",
                    "isERC1155": false,
                    "isERC721": false,
                    "sign": false,
                    "value": "129.41445000000001074"
                },
                {
                    "address": "0xeeeeeeeeeeeeeeeeeeeeeeeeeeeeeeeeeeeeeeee",
                    "amount": "0.05",
                    "iconUrl": "https://assets.blocksec.com/image/1663669189317-3.png",
                    "isERC1155": false,
                    "isERC721": false,
                    "sign": true,
                    "value": "129.02400000000000091"
                }
            ]
        }
    ]
}