{
    "balanceChanges": [
        {
            "account": "0x76dfa069f33bbdf111e5b83a360c751cdf06cda1",
            "assets": [
                {
                    "address": "0xeeeeeeeeeeeeeeeeeeeeeeeeeeeeeeeeeeeeeeee",
                    "amount": "0.000000000000000859",
                    "iconUrl": "https://assets.blocksec.com/image/1663669189317-3.png",
                    "isERC1155": false,
                    "isERC721": false,
                    "sign": false,
                    "value": "0.0000000000022675022999999998437"
                }
            ]
        },
        {
            "account": "0xea51075ccbd58174834da36372b0ed52199c483c",
            "assets": [
                {
                    "address": "0xeeeeeeeeeeeeeeeeeeeeeeeeeeeeeeeeeeeeeeee",
                    "amount": "0.013967255413951485",
                    "iconUrl": "https://assets.blocksec.com/image/1663669189317-3.png",
                    "isERC1155": false,
                    "isERC721": false,
                    "sign": true,
                    "value": "36.86936410577699746"
                }
            ]
        },
        {
            "account": "0x4585fe77225b41b697c938b018e2ac67ac5a20c0",
            "assets": [
                {
                    "address": "0xc02aaa39b223fe8d0a0e5c4f27ead9083c756cc2",
                    "amount": "27.249514571239441839",
                    "iconUrl": "https://assets.blocksec.com/icon/f1cb2d02c471d545bbc7722daf3277fd852d98e63d118771af7047bd8256c516.png",
                    "isERC1155": false,
                    "isERC721": false,
                    "sign": false,
                    "value": "71886.93893721408489"
                },
                {
                    "address": "0x2260fac5e5542a773aa44fbcfedf7c193bc2c599",
                    "amount": "1.17374145",
                    "iconUrl": "https://assets.blocksec.com/icon/878f2983cb21c5816eb5879d9b6f7a3fe2eb6fce7560c367a0315527852a8a84.png",
                    "isERC1155": false,
                    "isERC721": false,
                    "sign": true,
                    "value": "71962.0882995"
                }
            ]
        },
        {
            "account": "0x4e68ccd3e89f51c3074ca5072bbac773960dfa36",
            "assets": [
                {
                    "address": "0xdac17f958d2ee523a2206206994597c13d831ec7",
                    "amount": "29,416.638953",
                    "iconUrl": "https://assets.blocksec.com/icon/fcea71f3193ce895be44bfdf941f7e4c9381dd587f273c2d1a27f1263d84e4ea.png",
                    "isERC1155": false,
                    "isERC721": false,
                    "sign": false,
                    "value": "29404.872294420001296"
                },
                {
                    "address": "0xc02aaa39b223fe8d0a0e5c4f27ead9083c756cc2",
                    "amount": "11.134222163149537206",
                    "iconUrl": "https://assets.blocksec.com/icon/f1cb2d02c471d545bbc7722daf3277fd852d98e63d118771af7047bd8256c516.png",
                    "isERC1155": false,
                    "isERC721": false,
                    "sign": true,
                    "value": "29373.189253451567547"
                }
            ]
        },
        {
            "account": "0x95222290dd7278aa3ddd389cc1e1d165cc4bafe5",
            "assets": [
                {
                    "address": "0xeeeeeeeeeeeeeeeeeeeeeeeeeeeeeeeeeeeeeeee",
                    "amount": "0.006215715607305727",
                    "iconUrl": "https://assets.blocksec.com/image/1663669189317-3.png",
                    "isERC1155": false,
                    "isERC721": false,
                    "sign": true,
                    "value": "16.407624487797898869"
                }
            ]
        },
        {
            "account": "0x9db9e0e53058c89e5b94e29621a205198648425b",
            "assets": [
                {
                    "address": "0xdac17f958d2ee523a2206206994597c13d831ec7",
                    "amount": "71,930.791644",
                    "iconUrl": "https://assets.blocksec.com/icon/fcea71f3193ce895be44bfdf941f7e4c9381dd587f273c2d1a27f1263d84e4ea.png",
                    "isERC1155": false,
                    "isERC721": false,
                    "sign": true,
                    "value": "71902.01932334400317"
                },
                {
                    "address": "0x2260fac5e5542a773aa44fbcfedf7c193bc2c599",
                    "amount": "1.17374145",
                    "iconUrl": "https://assets.blocksec.com/icon/878f2983cb21c5816eb5879d9b6f7a3fe2eb6fce7560c367a0315527852a8a84.png",
                    "isERC1155": false,
                    "isERC721": false,
                    "sign": false,
                    "value": "71962.0882995"
                }
            ]
        },
        {
            "account": "0xc02aaa39b223fe8d0a0e5c4f27ead9083c756cc2",
            "assets": [
                {
                    "address": "0xeeeeeeeeeeeeeeeeeeeeeeeeeeeeeeeeeeeeeeee",
                    "amount": "0.020182971021256353",
                    "iconUrl": "https://assets.blocksec.com/image/1663669189317-3.png",
                    "isERC1155": false,
                    "isERC721": false,
                    "sign": false,
                    "value": "53.276988601493996327"
                },
                {
                    "address": "0xc02aaa39b223fe8d0a0e5c4f27ead9083c756cc2",
                    "amount": "0.020182971021256353",
                    "iconUrl": "https://assets.blocksec.com/icon/f1cb2d02c471d545bbc7722daf3277fd852d98e63d118771af7047bd8256c516.png",
                    "isERC1155": false,
                    "isERC721": false,
                    "sign": true,
                    "value": "53.244691811267795177"
                }
            ]
        },
        {
            "account": "0xc7bbec68d12a0d1830360f8ec58fa599ba1b0e9b",
            "assets": [
                {
                    "address": "0xc02aaa39b223fe8d0a0e5c4f27ead9083c756cc2",
                    "amount": "16.09510943706864828",
                    "iconUrl": "https://assets.blocksec.com/icon/f1cb2d02c471d545bbc7722daf3277fd852d98e63d118771af7047bd8256c516.png",
                    "isERC1155": false,
                    "isERC721": false,
                    "sign": true,
                    "value": "42460.504994642111345"
                },
                {
                    "address": "0xdac17f958d2ee523a2206206994597c13d831ec7",
                    "amount": "42,514.152691",
                    "iconUrl": "https://assets.blocksec.com/icon/fcea71f3193ce895be44bfdf941f7e4c9381dd587f273c2d1a27f1263d84e4ea.png",
                    "isERC1155": false,
                    "isERC721": false,
                    "sign": false,
                    "value": "42497.147028924001873"
                }
            ]
        }
    ]
}