{
    "basicInfo": {
        "baseFee": "0.984812958",
        "blockNumber": 20583302,
        "callData": "0x095ea7b300000000000000000000000068b3465833fb72a70ecdf485e0e4c7bd8665fc450000000000000000000000446c3b15f992680000000000000000000000000000",
        "debugEnable": true,
        "errorInfo": "",
        "eventCount": 1,
        "feeRecipient": "0x95222290dd7278aa3ddd389cc1e1d165cc4bafe5",
        "formatValue": "0",
        "gasLimit": 5000000,
        "gasPrice": "3",
        "gasUsed": 46223,
        "intTxnCount": 0,
        "internalRevert": false,
        "internalRevertMessage": "",
        "isContractCreation": false,
        "isFlashloan": false,
        "maxFee": "",
        "nonce": 0,
        "overwritedBlockNumber": -1,
        "priorityFee": "",
        "receiver": "0xdbf8400b15c51ffdb108358748de57d2e3dea795",
        "revertMessage": "",
        "sender": "0x946ff1211924a0fbd36b7f46ef33faefe2fa17c8",
        "simulationEnable": true,
        "sourceTxnHash": "0x09cb704618054e4d79bb97a21644212838d2850dc3fd32174e1aacadbebb2889",
        "status": true,
        "timestamp": "2024-08-22T09:38:47Z",
        "transactionFee": "0.000138669",
        "txnHash": "0x09cb704618054e4d79bb97a21644212838d2850dc3fd32174e1aacadbebb2889",
        "txnIndex": 14,
        "type": 0,
        "value": "0"
    },
    "fundFlow": [],
    "tokenInfos": [
        {
            "address": "0xc02aaa39b223fe8d0a0e5c4f27ead9083c756cc2",
            "decimals": 18
        },
        {
            "address": "0xeeeeeeeeeeeeeeeeeeeeeeeeeeeeeeeeeeeeeeee",
            "decimals": 18
        }
    ]
}