{
    "accountLabels": null,
    "dataMap": {
        "-1": {
            "invocation": {
                "address": "0x946ff1211924a0fbd36b7f46ef33faefe2fa17c8",
                "callData": "",
                "decodedMethod": null,
                "errorInfo": "",
                "fromAddress": "",
                "gasUsed": 0,
                "id": -1,
                "methodDecoded": false,
                "operation": "",
                "output": "",
                "revert": false,
                "revertMessage": "",
                "selector": "",
                "status": false,
                "value": ""
            },
            "nodeType": 0
        },
        "0": {
            "invocation": {
                "address": "0xdbf8400b15c51ffdb108358748de57d2e3dea795",
                "callData": "0x00000000000000000000000068b3465833fb72a70ecdf485e0e4c7bd8665fc450000000000000000000000446c3b15f992680000000000000000000000000000",
                "decodedMethod": {
                    "callParams": [
                        {
                            "name": "spender",
                            "type": "address",
                            "value": "0x68b3465833fb72a70ecdf485e0e4c7bd8665fc45"
                        },
                        {
                            "decimalAvailable": true,
                            "name": "amount",
                            "type": "uint256",
                            "value": "100,000,000,000,000,007,629,769,841,091,887,003,294,964,970,946,560"
                        }
                    ],
                    "constructorArguments": "",
                    "name": "approve",
                    "returnParams": [
                        {
                            "name": "",
                            "type": "bool",
                            "value": true
                        }
                    ],
                    "signature": "approve(address,uint256)"
                },
                "errorInfo": "",
                "fromAddress": "0x946ff1211924a0fbd36b7f46ef33faefe2fa17c8",
                "gasUsed": 46223,
                "id": 0,
                "methodDecoded": true,
                "operation": "CALL",
                "output": "0x0000000000000000000000000000000000000000000000000000000000000001",
                "revert": false,
                "revertMessage": "",
                "selector": "0x095ea7b3",
                "status": true,
                "value": "0"
            },
            "nodeType": 0
        },
        "1": {
            "event": {
                "contract": "0xdbf8400b15c51ffdb108358748de57d2e3dea795",
                "decodedLog": {
                    "name": "Approval",
                    "params": [
                        {
                            "name": "owner",
                            "type": "address",
                            "value": "0x946ff1211924a0fbd36b7f46ef33faefe2fa17c8"
                        },
                        {
                            "name": "spender",
                            "type": "address",
                            "value": "0x68b3465833fb72a70ecdf485e0e4c7bd8665fc45"
                        },
                        {
                            "decimalAvailable": true,
                            "name": "value",
                            "type": "uint256",
                            "value": "100,000,000,000,000,007,629,769,841,091,887,003,294,964,970,946,560"
                        }
                    ],
                    "signature": "Approval(address,address,uint256)"
                },
                "id": 1,
                "logData": "0x0000000000000000000000446c3b15f992680000000000000000000000000000",
                "logDecoded": true,
                "operation": "EVENT",
                "revert": false,
                "status": true,
                "topics": [
                    "0x8c5be1e5ebec7d5bd14f71427d1e84f3dd0314c0f7b2291e5b200ac8c7c3b925",
                    "0x000000000000000000000000946ff1211924a0fbd36b7f46ef33faefe2fa17c8",
                    "0x00000000000000000000000068b3465833fb72a70ecdf485e0e4c7bd8665fc45"
                ]
            },
            "nodeType": 1
        }
    },
    "gasFlame": [
        {
            "children": [
                {
                    "children": [
                        {
                            "children": [],
                            "depth": 0,
                            "name": "Initial Gas",
                            "value": 21644
                        },
                        {
                            "children": [],
                            "depth": 0,
                            "name": "Executed Gas",
                            "value": 24579
                        }
                    ],
                    "depth": -1,
                    "name": "Actual Gas Used",
                    "value": 46223
                },
                {
                    "children": [],
                    "depth": -1,
                    "name": "Refunded Gas",
                    "value": 0
                }
            ],
            "depth": -2,
            "name": "Total Gas",
            "value": 46223
        }
    ],
    "isConfirmed": true,
    "mainTrace": [
        {
            "children": [
                {
                    "children": [
                        {
                            "children": [],
                            "depth": 1,
                            "id": 1,
                            "order": 1
                        }
                    ],
                    "depth": 0,
                    "id": 0,
                    "order": 0
                }
            ],
            "depth": -1,
            "id": -1,
            "order": -1
        }
    ],
    "mainTraceNodeCount": 2,
    "parentIdMap": {
        "0": -1,
        "1": 0
    },
    "tidyTrace": [
        {
            "children": [
                {
                    "children": [
                        {
                            "children": [],
                            "depth": 1,
                            "id": 1,
                            "order": 1
                        }
                    ],
                    "depth": 0,
                    "id": 0,
                    "order": 0
                }
            ],
            "depth": -1,
            "id": -1,
            "order": -1
        }
    ],
    "tidyTraceNodeCount": 2
}