{
    "balanceChanges": [
        {
            "account": "0x574f7c2aa6d650701e26da5d862365ed93e1dc5a",
            "assets": [
                {
                    "address": "0xeeeeeeeeeeeeeeeeeeeeeeeeeeeeeeeeeeeeeeee",
                    "amount": "0.001000001",
                    "iconUrl": "https://assets.blocksec.com/image/1663669189317-3.png",
                    "isERC1155": false,
                    "isERC721": false,
                    "sign": false,
                    "value": "2.625622625619999891"
                }
            ]
        },
        {
            "account": "0x9b17fda35ed7eb7bb11a73ab69d0462045364514",
            "assets": [
                {
                    "address": "0xeeeeeeeeeeeeeeeeeeeeeeeeeeeeeeeeeeeeeeee",
                    "amount": "0.001000001",
                    "iconUrl": "https://assets.blocksec.com/image/1663669189317-3.png",
                    "isERC1155": false,
                    "isERC721": false,
                    "sign": true,
                    "value": "2.625622625619999891"
                }
            ]
        }
    ]
}