{
    "balanceChanges": [
        {
            "account": "0x3a1d749fa4a9e650fce844ff1c58c5faf7e2a9d1",
            "assets": [
                {
                    "address": "0xeeeeeeeeeeeeeeeeeeeeeeeeeeeeeeeeeeeeeeee",
                    "amount": "0.000271408545864316",
                    "iconUrl": "https://assets.blocksec.com/image/1663669189317-3.png",
                    "isERC1155": false,
                    "isERC721": false,
                    "sign": true,
                    "value": "0.6998432201159039852"
                }
            ]
        },
        {
            "account": "0xc3a99a855d060d727367c599ecb2423e0bebee24",
            "assets": [
                {
                    "address": "0xc02aaa39b223fe8d0a0e5c4f27ead9083c756cc2",
                    "amount": "8",
                    "iconUrl": "https://assets.blocksec.com/icon/f1cb2d02c471d545bbc7722daf3277fd852d98e63d118771af7047bd8256c516.png",
                    "isERC1155": false,
                    "isERC721": false,
                    "sign": false,
                    "value": "20627.771199999999226"
                },
                {
                    "address": "0xeeeeeeeeeeeeeeeeeeeeeeeeeeeeeeeeeeeeeeee",
                    "amount": "0.00089002379369",
                    "iconUrl": "https://assets.blocksec.com/image/1663669189317-3.png",
                    "isERC1155": false,
                    "isERC721": false,
                    "sign": false,
                    "value": "2.2949797534830719515"
                }
            ]
        },
        {
            "account": "0x37f6df71b40c50b2038329cabf5fda3682df1ebf",
            "assets": [
                {
                    "address": "0xc02aaa39b223fe8d0a0e5c4f27ead9083c756cc2",
                    "amount": "8",
                    "iconUrl": "https://assets.blocksec.com/icon/f1cb2d02c471d545bbc7722daf3277fd852d98e63d118771af7047bd8256c516.png",
                    "isERC1155": false,
                    "isERC721": false,
                    "sign": true,
                    "value": "20627.771199999999226"
                },
                {
                    "address": "0x2260fac5e5542a773aa44fbcfedf7c193bc2c599",
                    "amount": "0.34808814",
                    "iconUrl": "https://assets.blocksec.com/icon/878f2983cb21c5816eb5879d9b6f7a3fe2eb6fce7560c367a0315527852a8a84.png",
                    "isERC1155": false,
                    "isERC721": false,
                    "sign": false,
                    "value": "20703.58639092"
                }
            ]
        },
        {
            "account": "0xd17b3c9784510e33cd5b87b490e79253bcd81e2e",
            "assets": [
                {
                    "address": "0x2260fac5e5542a773aa44fbcfedf7c193bc2c599",
                    "amount": "0.34808814",
                    "iconUrl": "https://assets.blocksec.com/icon/878f2983cb21c5816eb5879d9b6f7a3fe2eb6fce7560c367a0315527852a8a84.png",
                    "isERC1155": false,
                    "isERC721": false,
                    "sign": true,
                    "value": "20703.58639092"
                },
                {
                    "address": "0xeeeeeeeeeeeeeeeeeeeeeeeeeeeeeeeeeeeeeeee",
                    "amount": "0.000618615247825684",
                    "iconUrl": "https://assets.blocksec.com/image/1663669189317-3.png",
                    "isERC1155": false,
                    "isERC721": false,
                    "sign": true,
                    "value": "1.5951365333671679663"
                }
            ]
        }
    ]
}