{
    "balanceChanges": [
        {
            "account": "0x088eed1dd934f494faf5a3c99bb67db262fbcdee",
            "assets": [
                {
                    "address": "0xeeeeeeeeeeeeeeeeeeeeeeeeeeeeeeeeeeeeeeee",
                    "amount": "0.0000000000000009",
                    "iconUrl": "https://assets.blocksec.com/image/1663669189317-3.png",
                    "isERC1155": false,
                    "isERC721": false,
                    "sign": false,
                    "value": "0.0000000000023197409999999998035"
                }
            ]
        },
        {
            "account": "0x0507290f998eb20671913829592f95c06910b21c",
            "assets": [
                {
                    "address": "0xeeeeeeeeeeeeeeeeeeeeeeeeeeeeeeeeeeeeeeee",
                    "amount": "0.003381849832635672",
                    "iconUrl": "https://assets.blocksec.com/image/1663669189317-3.png",
                    "isERC1155": false,
                    "isERC721": false,
                    "sign": true,
                    "value": "8.716684126059169262"
                }
            ]
        },
        {
            "account": "0x22052a1a0f5a3d2839d71c458f177e68b0e73963",
            "assets": [
                {
                    "address": "0x81db1949d0e888557bc632f7c0f6698b1f8c9106",
                    "amount": "1,765,038.598343887",
                    "iconUrl": "",
                    "isERC1155": false,
                    "isERC721": false,
                    "sign": true,
                    "value": "455.5865927"
                },
                {
                    "address": "0xc02aaa39b223fe8d0a0e5c4f27ead9083c756cc2",
                    "amount": "0.225141204745018664",
                    "iconUrl": "https://assets.blocksec.com/icon/f1cb2d02c471d545bbc7722daf3277fd852d98e63d118771af7047bd8256c516.png",
                    "isERC1155": false,
                    "isERC721": false,
                    "sign": false,
                    "value": "579.1839442306010705"
                }
            ]
        },
        {
            "account": "0x4838b106fce9647bdf1e7877bf73ce8b0bad5f97",
            "assets": [
                {
                    "address": "0xeeeeeeeeeeeeeeeeeeeeeeeeeeeeeeeeeeeeeeee",
                    "amount": "0.020886101551604131",
                    "iconUrl": "https://assets.blocksec.com/image/1663669189317-3.png",
                    "isERC1155": false,
                    "isERC721": false,
                    "sign": true,
                    "value": "53.83371788410949544"
                }
            ]
        },
        {
            "account": "0x93c3a540b2422357be6571a94ce631065871c02d",
            "assets": [
                {
                    "address": "0x81db1949d0e888557bc632f7c0f6698b1f8c9106",
                    "amount": "1,765,038.598343887",
                    "iconUrl": "",
                    "isERC1155": false,
                    "isERC721": false,
                    "sign": false,
                    "value": "455.5865927"
                },
                {
                    "address": "0xc02aaa39b223fe8d0a0e5c4f27ead9083c756cc2",
                    "amount": "0.200873253360779761",
                    "iconUrl": "https://assets.blocksec.com/icon/f1cb2d02c471d545bbc7722daf3277fd852d98e63d118771af7047bd8256c516.png",
                    "isERC1155": false,
                    "isERC721": false,
                    "sign": true,
                    "value": "516.7537561579237515"
                }
            ]
        },
        {
            "account": "0xc02aaa39b223fe8d0a0e5c4f27ead9083c756cc2",
            "assets": [
                {
                    "address": "0xeeeeeeeeeeeeeeeeeeeeeeeeeeeeeeeeeeeeeeee",
                    "amount": "0.024267951384238903",
                    "iconUrl": "https://assets.blocksec.com/image/1663669189317-3.png",
                    "isERC1155": false,
                    "isERC721": false,
                    "sign": false,
                    "value": "62.5504020024361947"
                },
                {
                    "address": "0xc02aaa39b223fe8d0a0e5c4f27ead9083c756cc2",
                    "amount": "0.024267951384238903",
                    "iconUrl": "https://assets.blocksec.com/icon/f1cb2d02c471d545bbc7722daf3277fd852d98e63d118771af7047bd8256c516.png",
                    "isERC1155": false,
                    "isERC721": false,
                    "sign": true,
                    "value": "62.430188278480230973"
                }
            ]
        }
    ]
}