{
    "balanceChanges": [
        {
            "account": "0xa323f6472876f22d78dd5ae347fc460dc3e6d1a2",
            "assets": [
                {
                    "address": "0xeeeeeeeeeeeeeeeeeeeeeeeeeeeeeeeeeeeeeeee",
                    "amount": "0.000000005268809222",
                    "iconUrl": "https://assets.blocksec.com/image/1663669189317-3.png",
                    "isERC1155": false,
                    "isERC721": false,
                    "sign": false,
                    "value": "0.000013783099548567560096"
                }
            ]
        },
        {
            "account": "0x6a50353e2b7f2f96a7c5680c51b9f32565b04195",
            "assets": [
                {
                    "address": "0xeeeeeeeeeeeeeeeeeeeeeeeeeeeeeeeeeeeeeeee",
                    "amount": "0.000000005268809222",
                    "iconUrl": "https://assets.blocksec.com/image/1663669189317-3.png",
                    "isERC1155": false,
                    "isERC721": false,
                    "sign": true,
                    "value": "0.000013783099548567560096"
                },
                {
                    "address": "0xc02aaa39b223fe8d0a0e5c4f27ead9083c756cc2",
                    "amount": "0.000434086265148859",
                    "iconUrl": "https://assets.blocksec.com/icon/f1cb2d02c471d545bbc7722daf3277fd852d98e63d118771af7047bd8256c516.png",
                    "isERC1155": false,
                    "isERC721": false,
                    "sign": true,
                    "value": "1.1369875688779226295"
                },
                {
                    "address": "0xe72b141df173b999ae7c1adcbf60cc9833ce56a8",
                    "amount": "0.000000000341949973",
                    "iconUrl": "",
                    "isERC1155": false,
                    "isERC721": false,
                    "sign": true,
                    "value": "0.0000009"
                },
                {
                    "address": "0x0d86883faf4ffd7aeb116390af37746f45b6f378",
                    "amount": "0.000000657014128407",
                    "iconUrl": "",
                    "isERC1155": false,
                    "isERC721": false,
                    "sign": true,
                    "value": "0.00000066"
                },
                {
                    "address": "0xa0d69e286b938e21cbf7e51d71f6a4c8918f482f",
                    "amount": "0.000000801576095976",
                    "iconUrl": "",
                    "isERC1155": false,
                    "isERC721": false,
                    "sign": true,
                    "value": "0.0000008"
                }
            ]
        },
        {
            "account": "0x06a2e1521afde7f7dc30d351dcf04408042f536e",
            "assets": [
                {
                    "address": "0xe72b141df173b999ae7c1adcbf60cc9833ce56a8",
                    "amount": "0.634532910623358976",
                    "iconUrl": "",
                    "isERC1155": false,
                    "isERC721": false,
                    "sign": true,
                    "value": "1681.261649"
                },
                {
                    "address": "0x0d86883faf4ffd7aeb116390af37746f45b6f378",
                    "amount": "1,675.446626161872338711",
                    "iconUrl": "",
                    "isERC1155": false,
                    "isERC721": false,
                    "sign": false,
                    "value": "1691.564798"
                }
            ]
        },
        {
            "account": "0x08bfa22bb3e024cdfeb3eca53c0cb93bf59c4147",
            "assets": [
                {
                    "address": "0xa0d69e286b938e21cbf7e51d71f6a4c8918f482f",
                    "amount": "1,687.624330309965709312",
                    "iconUrl": "",
                    "isERC1155": false,
                    "isERC721": false,
                    "sign": true,
                    "value": "1689.408867"
                },
                {
                    "address": "0xa0b86991c6218b36c1d19d4a2e9eb0ce3606eb48",
                    "amount": "1,689.455463",
                    "iconUrl": "https://assets.blocksec.com/icon/0347a86cc07dbd03fdc5db01a4e5ac7e1217f90e0b6e4bb0f75cbcca09160989.png",
                    "isERC1155": false,
                    "isERC721": false,
                    "sign": false,
                    "value": "1689.455463"
                }
            ]
        },
        {
            "account": "0x79586fa680958102154093b795fdb8efbc013822",
            "assets": [
                {
                    "address": "0x0d86883faf4ffd7aeb116390af37746f45b6f378",
                    "amount": "1,675.446625504858210304",
                    "iconUrl": "",
                    "isERC1155": false,
                    "isERC721": false,
                    "sign": true,
                    "value": "1691.564798"
                },
                {
                    "address": "0xa0d69e286b938e21cbf7e51d71f6a4c8918f482f",
                    "amount": "1,687.624331111541805288",
                    "iconUrl": "",
                    "isERC1155": false,
                    "isERC721": false,
                    "sign": false,
                    "value": "1689.421675"
                }
            ]
        },
        {
            "account": "0x7fb53345f1b21ab5d9510adb38f7d3590be6364b",
            "assets": [
                {
                    "address": "0xe72b141df173b999ae7c1adcbf60cc9833ce56a8",
                    "amount": "0.634532910965308949",
                    "iconUrl": "",
                    "isERC1155": false,
                    "isERC721": false,
                    "sign": false,
                    "value": "1681.839162"
                },
                {
                    "address": "0xeeeeeeeeeeeeeeeeeeeeeeeeeeeeeeeeeeeeeeee",
                    "amount": "0.647866335946080256",
                    "iconUrl": "https://assets.blocksec.com/image/1663669189317-3.png",
                    "isERC1155": false,
                    "isERC721": false,
                    "sign": true,
                    "value": "1694.8053773876820117"
                }
            ]
        },
        {
            "account": "0xc02aaa39b223fe8d0a0e5c4f27ead9083c756cc2",
            "assets": [
                {
                    "address": "0xeeeeeeeeeeeeeeeeeeeeeeeeeeeeeeeeeeeeeeee",
                    "amount": "0.647866335946080256",
                    "iconUrl": "https://assets.blocksec.com/image/1663669189317-3.png",
                    "isERC1155": false,
                    "isERC721": false,
                    "sign": false,
                    "value": "1694.8053773876820117"
                },
                {
                    "address": "0xc02aaa39b223fe8d0a0e5c4f27ead9083c756cc2",
                    "amount": "0.647866335946080256",
                    "iconUrl": "https://assets.blocksec.com/icon/f1cb2d02c471d545bbc7722daf3277fd852d98e63d118771af7047bd8256c516.png",
                    "isERC1155": false,
                    "isERC721": false,
                    "sign": true,
                    "value": "1696.9345253139837444"
                }
            ]
        },
        {
            "account": "0xe0554a476a092703abdb3ef35c80e0d76d32939f",
            "assets": [
                {
                    "address": "0xc02aaa39b223fe8d0a0e5c4f27ead9083c756cc2",
                    "amount": "0.648300422211229115",
                    "iconUrl": "https://assets.blocksec.com/icon/f1cb2d02c471d545bbc7722daf3277fd852d98e63d118771af7047bd8256c516.png",
                    "isERC1155": false,
                    "isERC721": false,
                    "sign": false,
                    "value": "1698.0715129742740644"
                },
                {
                    "address": "0xa0b86991c6218b36c1d19d4a2e9eb0ce3606eb48",
                    "amount": "1,679.824292",
                    "iconUrl": "https://assets.blocksec.com/icon/0347a86cc07dbd03fdc5db01a4e5ac7e1217f90e0b6e4bb0f75cbcca09160989.png",
                    "isERC1155": false,
                    "isERC721": false,
                    "sign": true,
                    "value": "1679.824292"
                }
            ]
        },
        {
            "account": "0xfe263102682933297cb65dc813e5193249769251",
            "assets": [
                {
                    "address": "0xa0b86991c6218b36c1d19d4a2e9eb0ce3606eb48",
                    "amount": "9.631171",
                    "iconUrl": "https://assets.blocksec.com/icon/0347a86cc07dbd03fdc5db01a4e5ac7e1217f90e0b6e4bb0f75cbcca09160989.png",
                    "isERC1155": false,
                    "isERC721": false,
                    "sign": true,
                    "value": "9.631171"
                }
            ]
        }
    ]
}