{
    "basicInfo": {
        "baseFee": "0.844906841",
        "blockNumber": 20583340,
        "callData": "0xc7b8981c",
        "debugEnable": true,
        "errorInfo": "",
        "eventCount": 161,
        "feeRecipient": "0x4838b106fce9647bdf1e7877bf73ce8b0bad5f97",
        "formatValue": "0",
        "gasLimit": 3019093,
        "gasPrice": "0.846723124",
        "gasUsed": 2880648,
        "intTxnCount": 111,
        "internalRevert": false,
        "internalRevertMessage": "",
        "isContractCreation": false,
        "isFlashloan": false,
        "maxFee": "0.95709449",
        "nonce": 1160,
        "overwritedBlockNumber": -1,
        "priorityFee": "0.001816283",
        "receiver": "0x004395edb43efca9885cedad51ec9faf93bd34ac",
        "revertMessage": "",
        "sender": "0xfaecae4464591f8f2025ba8acf58087953e613b1",
        "simulationEnable": true,
        "sourceTxnHash": "0x081940290945a53933ca3896299fa9545c5e8debdefd2436c7d39fdc9e0d63c0",
        "status": true,
        "timestamp": "2024-08-22T09:46:23Z",
        "transactionFee": "0.002439111273704352",
        "txnHash": "0x081940290945a53933ca3896299fa9545c5e8debdefd2436c7d39fdc9e0d63c0",
        "txnIndex": 121,
        "type": 2,
        "value": "0"
    },
    "fundFlow": [
        {
            "amount": "13.707917546952880273",
            "from": "0x0000000000000000000000000000000000000000",
            "id": 1,
            "isERC1155": false,
            "isERC721": false,
            "isReverted": false,
            "order": 1,
            "to": "0xfaecae4464591f8f2025ba8acf58087953e613b1",
            "token": "0x04fa0d235c4abf4bcf4787af4cf447de572ef828"
        }
    ],
    "tokenInfos": [
        {
            "address": "0x04fa0d235c4abf4bcf4787af4cf447de572ef828",
            "decimals": 18
        },
        {
            "address": "0xc02aaa39b223fe8d0a0e5c4f27ead9083c756cc2",
            "decimals": 18
        },
        {
            "address": "0xeeeeeeeeeeeeeeeeeeeeeeeeeeeeeeeeeeeeeeee",
            "decimals": 18
        }
    ]
}