{
    "balanceChanges": [
        {
            "account": "0x0000000000000000000000000000000000000000",
            "assets": [
                {
                    "address": "0x551d20c6cfffebf587cd690919bee8720dea2c41",
                    "amount": "750,000,000",
                    "iconUrl": "",
                    "isERC1155": false,
                    "isERC721": false,
                    "sign": false,
                    "value": ""
                }
            ]
        },
        {
            "account": "0x05327cc62ae94bc8eed15beb42507c4e67c13ecf",
            "assets": [
                {
                    "address": "0x551d20c6cfffebf587cd690919bee8720dea2c41",
                    "amount": "100,000,000",
                    "iconUrl": "",
                    "isERC1155": false,
                    "isERC721": false,
                    "sign": true,
                    "value": ""
                }
            ]
        },
        {
            "account": "0x140f402765111be25a5fa74c9c0e3e51d08731a6",
            "assets": [
                {
                    "address": "0x551d20c6cfffebf587cd690919bee8720dea2c41",
                    "amount": "110,000,000",
                    "iconUrl": "",
                    "isERC1155": false,
                    "isERC721": false,
                    "sign": true,
                    "value": ""
                }
            ]
        },
        {
            "account": "0x25e41ded163bc795e11fc166bc2b3cd3a1e32ba4",
            "assets": [
                {
                    "address": "0x551d20c6cfffebf587cd690919bee8720dea2c41",
                    "amount": "100,000,000",
                    "iconUrl": "",
                    "isERC1155": false,
                    "isERC721": false,
                    "sign": true,
                    "value": ""
                }
            ]
        },
        {
            "account": "0x92b77fdc57a7b65763f747846a46d7063ca7e782",
            "assets": [
                {
                    "address": "0x551d20c6cfffebf587cd690919bee8720dea2c41",
                    "amount": "300,000,000",
                    "iconUrl": "",
                    "isERC1155": false,
                    "isERC721": false,
                    "sign": true,
                    "value": ""
                }
            ]
        },
        {
            "account": "0xe0c429eb2ed5ff1346802702cc29e82bfd5f0e06",
            "assets": [
                {
                    "address": "0x551d20c6cfffebf587cd690919bee8720dea2c41",
                    "amount": "20,000,000",
                    "iconUrl": "",
                    "isERC1155": false,
                    "isERC721": false,
                    "sign": true,
                    "value": ""
                }
            ]
        },
        {
            "account": "0xff2d7287748f202d9443fbe84ae353bccc847821",
            "assets": [
                {
                    "address": "0x551d20c6cfffebf587cd690919bee8720dea2c41",
                    "amount": "120,000,000",
                    "iconUrl": "",
                    "isERC1155": false,
                    "isERC721": false,
                    "sign": true,
                    "value": ""
                }
            ]
        }
    ]
}