{
    "basicInfo": {
        "baseFee": "0.949222382",
        "blockNumber": 20580714,
        "callData": "0x095ea7b3000000000000000000000000b517850510997a34b4ddc8c3797b4f83fad510c40000000000000000000000000000000000000000000000000000b5e620f48000",
        "debugEnable": true,
        "errorInfo": "",
        "eventCount": 21,
        "feeRecipient": "0x4838b106fce9647bdf1e7877bf73ce8b0bad5f97",
        "formatValue": "0",
        "gasLimit": 3948663,
        "gasPrice": "1.049222382",
        "gasUsed": 3509501,
        "intTxnCount": 128,
        "internalRevert": false,
        "internalRevertMessage": "",
        "isContractCreation": false,
        "isFlashloan": false,
        "maxFee": "1.271606007",
        "nonce": 38,
        "overwritedBlockNumber": -1,
        "priorityFee": "0.1",
        "receiver": "0x3fc29836e84e471a053d2d9e80494a867d670ead",
        "revertMessage": "",
        "sender": "0x9149daef62869c4de270e306c170027e95ebbcdd",
        "simulationEnable": true,
        "sourceTxnHash": "0x0210aa229dc681813750fc3d78c86e2ce3d6c8243c489c4510eeb222ae326de0",
        "status": true,
        "timestamp": "2024-08-22T00:57:23Z",
        "transactionFee": "0.003682246998851382",
        "txnHash": "0x0210aa229dc681813750fc3d78c86e2ce3d6c8243c489c4510eeb222ae326de0",
        "txnIndex": 15,
        "type": 2,
        "value": "0"
    },
    "fundFlow": [],
    "tokenInfos": [
        {
            "address": "0xc02aaa39b223fe8d0a0e5c4f27ead9083c756cc2",
            "decimals": 18
        },
        {
            "address": "0xeeeeeeeeeeeeeeeeeeeeeeeeeeeeeeeeeeeeeeee",
            "decimals": 18
        }
    ]
}