{
    "balanceChanges": [
        {
            "account": "0x8ce80a82a76c02629f0eace5c6cb945a94aced2a",
            "assets": [
                {
                    "address": "0xeeeeeeeeeeeeeeeeeeeeeeeeeeeeeeeeeeeeeeee",
                    "amount": "0.000000000000000912",
                    "iconUrl": "https://assets.blocksec.com/image/1663669189317-3.png",
                    "isERC1155": false,
                    "isERC721": false,
                    "sign": false,
                    "value": "0.00000000000238516271999999995"
                }
            ]
        },
        {
            "account": "0x95222290dd7278aa3ddd389cc1e1d165cc4bafe5",
            "assets": [
                {
                    "address": "0xeeeeeeeeeeeeeeeeeeeeeeeeeeeeeeeeeeeeeeee",
                    "amount": "0.000000000000000912",
                    "iconUrl": "https://assets.blocksec.com/image/1663669189317-3.png",
                    "isERC1155": false,
                    "isERC721": false,
                    "sign": true,
                    "value": "0.00000000000238516271999999995"
                }
            ]
        }
    ]
}