{
    "balanceChanges": [
        {
            "account": "0x0bf7e1ddc6037a6d901fac51ee0613edbd045a30",
            "assets": [
                {
                    "address": "0xeeeeeeeeeeeeeeeeeeeeeeeeeeeeeeeeeeeeeeee",
                    "amount": "0.000000000000000486",
                    "iconUrl": "https://assets.blocksec.com/image/1663669189317-3.png",
                    "isERC1155": false,
                    "isERC721": false,
                    "sign": false,
                    "value": "0.0000000000012516589799999999204"
                }
            ]
        },
        {
            "account": "0xe3aeabda9506c8f943507f32a2fefa8bb0169cd3",
            "assets": [
                {
                    "address": "0xeeeeeeeeeeeeeeeeeeeeeeeeeeeeeeeeeeeeeeee",
                    "amount": "0.001599963886008875",
                    "iconUrl": "https://assets.blocksec.com/image/1663669189317-3.png",
                    "isERC1155": false,
                    "isERC721": false,
                    "sign": true,
                    "value": "4.1205949909209797382"
                }
            ]
        },
        {
            "account": "0x22052a1a0f5a3d2839d71c458f177e68b0e73963",
            "assets": [
                {
                    "address": "0x81db1949d0e888557bc632f7c0f6698b1f8c9106",
                    "amount": "499,252.367587399",
                    "iconUrl": "",
                    "isERC1155": false,
                    "isERC721": false,
                    "sign": true,
                    "value": "135.7986833"
                },
                {
                    "address": "0xc02aaa39b223fe8d0a0e5c4f27ead9083c756cc2",
                    "amount": "0.056232045801716086",
                    "iconUrl": "https://assets.blocksec.com/icon/f1cb2d02c471d545bbc7722daf3277fd852d98e63d118771af7047bd8256c516.png",
                    "isERC1155": false,
                    "isERC721": false,
                    "sign": false,
                    "value": "145.06139805632566331"
                }
            ]
        },
        {
            "account": "0x93c3a540b2422357be6571a94ce631065871c02d",
            "assets": [
                {
                    "address": "0x81db1949d0e888557bc632f7c0f6698b1f8c9106",
                    "amount": "499,252.367587399",
                    "iconUrl": "",
                    "isERC1155": false,
                    "isERC721": false,
                    "sign": false,
                    "value": "135.7986833"
                },
                {
                    "address": "0xc02aaa39b223fe8d0a0e5c4f27ead9083c756cc2",
                    "amount": "0.054162381050524566",
                    "iconUrl": "https://assets.blocksec.com/icon/f1cb2d02c471d545bbc7722daf3277fd852d98e63d118771af7047bd8256c516.png",
                    "isERC1155": false,
                    "isERC721": false,
                    "sign": true,
                    "value": "139.7222990093033382"
                }
            ]
        },
        {
            "account": "0x95222290dd7278aa3ddd389cc1e1d165cc4bafe5",
            "assets": [
                {
                    "address": "0xeeeeeeeeeeeeeeeeeeeeeeeeeeeeeeeeeeeeeeee",
                    "amount": "0.000469700865183131",
                    "iconUrl": "https://assets.blocksec.com/image/1663669189317-3.png",
                    "isERC1155": false,
                    "isERC721": false,
                    "sign": true,
                    "value": "1.2096816992620359232"
                }
            ]
        },
        {
            "account": "0xc02aaa39b223fe8d0a0e5c4f27ead9083c756cc2",
            "assets": [
                {
                    "address": "0xeeeeeeeeeeeeeeeeeeeeeeeeeeeeeeeeeeeeeeee",
                    "amount": "0.00206966475119152",
                    "iconUrl": "https://assets.blocksec.com/image/1663669189317-3.png",
                    "isERC1155": false,
                    "isERC721": false,
                    "sign": false,
                    "value": "5.3302766896679296613"
                },
                {
                    "address": "0xc02aaa39b223fe8d0a0e5c4f27ead9083c756cc2",
                    "amount": "0.00206966475119152",
                    "iconUrl": "https://assets.blocksec.com/icon/f1cb2d02c471d545bbc7722daf3277fd852d98e63d118771af7047bd8256c516.png",
                    "isERC1155": false,
                    "isERC721": false,
                    "sign": true,
                    "value": "5.3390990496020178224"
                }
            ]
        }
    ]
}