{
    "balanceChanges": [
        {
            "account": "0x0d4a11d5eeaac28ec3f61d100daf4d40471f1852",
            "assets": [
                {
                    "address": "0xdac17f958d2ee523a2206206994597c13d831ec7",
                    "amount": "10.336513",
                    "iconUrl": "https://assets.blocksec.com/icon/fcea71f3193ce895be44bfdf941f7e4c9381dd587f273c2d1a27f1263d84e4ea.png",
                    "isERC1155": false,
                    "isERC721": false,
                    "sign": true,
                    "value": "10.336513"
                },
                {
                    "address": "0xc02aaa39b223fe8d0a0e5c4f27ead9083c756cc2",
                    "amount": "0.003913691623099702",
                    "iconUrl": "https://assets.blocksec.com/icon/f1cb2d02c471d545bbc7722daf3277fd852d98e63d118771af7047bd8256c516.png",
                    "isERC1155": false,
                    "isERC721": false,
                    "sign": false,
                    "value": "10.2820017108003125"
                }
            ]
        },
        {
            "account": "0x38ea452219524bb87e18de1c24d3bb59510bd783",
            "assets": [
                {
                    "address": "0xdac17f958d2ee523a2206206994597c13d831ec7",
                    "amount": "10.336513",
                    "iconUrl": "https://assets.blocksec.com/icon/fcea71f3193ce895be44bfdf941f7e4c9381dd587f273c2d1a27f1263d84e4ea.png",
                    "isERC1155": false,
                    "isERC721": false,
                    "sign": false,
                    "value": "10.336513"
                }
            ]
        },
        {
            "account": "0xc02aaa39b223fe8d0a0e5c4f27ead9083c756cc2",
            "assets": [
                {
                    "address": "0xeeeeeeeeeeeeeeeeeeeeeeeeeeeeeeeeeeeeeeee",
                    "amount": "0.003913691623099702",
                    "iconUrl": "https://assets.blocksec.com/image/1663669189317-3.png",
                    "isERC1155": false,
                    "isERC721": false,
                    "sign": false,
                    "value": "10.272618635134169857"
                },
                {
                    "address": "0xc02aaa39b223fe8d0a0e5c4f27ead9083c756cc2",
                    "amount": "0.003913691623099702",
                    "iconUrl": "https://assets.blocksec.com/icon/f1cb2d02c471d545bbc7722daf3277fd852d98e63d118771af7047bd8256c516.png",
                    "isERC1155": false,
                    "isERC721": false,
                    "sign": true,
                    "value": "10.2820017108003125"
                }
            ]
        },
        {
            "account": "0xfaca7d347de749441cedbac06dbde0db623834fd",
            "assets": [
                {
                    "address": "0xeeeeeeeeeeeeeeeeeeeeeeeeeeeeeeeeeeeeeeee",
                    "amount": "0.003913691623099702",
                    "iconUrl": "https://assets.blocksec.com/image/1663669189317-3.png",
                    "isERC1155": false,
                    "isERC721": false,
                    "sign": true,
                    "value": "10.272618635134169857"
                }
            ]
        }
    ]
}