{
    "balanceChanges": [
        {
            "account": "0x301a6d9522e1000abb5b1c24964b7c627e5ee7e4",
            "assets": [
                {
                    "address": "0x92b52d20d41ec74994bfadfd42f34fb149ad1799",
                    "amount": "18.57325496513736988",
                    "iconUrl": "",
                    "isERC1155": false,
                    "isERC721": false,
                    "sign": true,
                    "value": ""
                }
            ]
        },
        {
            "account": "0x1d7a0fc08477414adac9ac893bb75bc93b058d8b",
            "assets": [
                {
                    "address": "0x1d7a0fc08477414adac9ac893bb75bc93b058d8b",
                    "amount": "344,965,800,000",
                    "iconUrl": "",
                    "isERC1155": false,
                    "isERC721": false,
                    "sign": false,
                    "value": ""
                },
                {
                    "address": "0xeeeeeeeeeeeeeeeeeeeeeeeeeeeeeeeeeeeeeeee",
                    "amount": "1",
                    "iconUrl": "https://assets.blocksec.com/image/1663669189317-3.png",
                    "isERC1155": false,
                    "isERC721": false,
                    "sign": false,
                    "value": "2612.4699999999998"
                }
            ]
        },
        {
            "account": "0x0000000000000000000000000000000000000000",
            "assets": [
                {
                    "address": "0x92b52d20d41ec74994bfadfd42f34fb149ad1799",
                    "amount": "18.57325496513736988",
                    "iconUrl": "",
                    "isERC1155": false,
                    "isERC721": false,
                    "sign": false,
                    "value": ""
                }
            ]
        },
        {
            "account": "0x92b52d20d41ec74994bfadfd42f34fb149ad1799",
            "assets": [
                {
                    "address": "0x1d7a0fc08477414adac9ac893bb75bc93b058d8b",
                    "amount": "344,965,800,000",
                    "iconUrl": "",
                    "isERC1155": false,
                    "isERC721": false,
                    "sign": true,
                    "value": ""
                },
                {
                    "address": "0xc02aaa39b223fe8d0a0e5c4f27ead9083c756cc2",
                    "amount": "1",
                    "iconUrl": "https://assets.blocksec.com/icon/f1cb2d02c471d545bbc7722daf3277fd852d98e63d118771af7047bd8256c516.png",
                    "isERC1155": false,
                    "isERC721": false,
                    "sign": true,
                    "value": "2611.1563000000001011"
                }
            ]
        },
        {
            "account": "0xc02aaa39b223fe8d0a0e5c4f27ead9083c756cc2",
            "assets": [
                {
                    "address": "0xeeeeeeeeeeeeeeeeeeeeeeeeeeeeeeeeeeeeeeee",
                    "amount": "1",
                    "iconUrl": "https://assets.blocksec.com/image/1663669189317-3.png",
                    "isERC1155": false,
                    "isERC721": false,
                    "sign": true,
                    "value": "2612.4699999999998"
                },
                {
                    "address": "0xc02aaa39b223fe8d0a0e5c4f27ead9083c756cc2",
                    "amount": "1",
                    "iconUrl": "https://assets.blocksec.com/icon/f1cb2d02c471d545bbc7722daf3277fd852d98e63d118771af7047bd8256c516.png",
                    "isERC1155": false,
                    "isERC721": false,
                    "sign": false,
                    "value": "2611.1563000000001011"
                }
            ]
        }
    ]
}